inputs,inputs,inputs,inputs,inputs,inputs,inputs,inputs,inputs,inputs,inputs,results,results,results,results,results,results,results,results,results,results,results,results,results,results,results,results,results,results,results,results,results,results
data,data,data,data,data,train,train,train,train,train,dimm,cpu,cpu,cpu,cpu,cpu,cpu,cpu,dpu,dpu,dpu,dpu,dpu,dpu,dpu,dpu,dpu,dpu,dpu,dpu,dpu,dpu,dpu
synthetic,n_points,n_dim,centers,random_state,random_state,n_init,max_iter,tol,n_clusters,n_dpu,times,train_times,preprocessing_times,single_kmeans_times,iterations,times_one_iter,score,times,train_times,init_times,preprocessing_times,cpu_pim_times,pim_cpu_times,inertia_times,reallocate_times,single_kmeans_times,kernel_runtime,inter_pim_core_times,iterations,times_one_iter,score,cross_score
True,1000,16,16,42,42,10,500,0.0001,16,64,0.4575885650701821,0.41878319904208183,0.03711579320952296,0.026400156784802675,4.0,0.006600039196200669,698.564984220854,0.20593112986534834,0.1435866840183735,0.0639801868237555,0.0044891429133713245,0.00045099999999999996,0.00014,0.0009560231119394302,0.0,0.008645039051771164,0.002695,0.0059500390517711645,4.0,0.002161259762942791,698.564984220854,1.0
True,1000,16,16,42,42,10,500,0.0001,16,128,0.4575885650701821,0.41878319904208183,0.03711579320952296,0.026400156784802675,4.0,0.006600039196200669,698.564984220854,0.23947566375136375,0.16783855529502034,0.0720895822159946,0.00732263270765543,0.003601,0.000175,0.0010113799944519997,0.0,0.010436343960464,0.0021479999999999997,0.008288343960464,4.0,0.002609085990116,698.564984220854,1.0
True,1000,16,16,42,42,10,500,0.0001,16,256,0.4575885650701821,0.41878319904208183,0.03711579320952296,0.026400156784802675,4.0,0.006600039196200669,698.564984220854,0.2920502508059144,0.22175080375745893,0.14307107403874397,0.004284830763936043,0.000605,0.000196,0.001045485958456993,0.0,0.012972422875463963,0.002166,0.010806422875463963,4.0,0.0032431057188659906,698.564984220854,1.0
True,1000,16,16,42,42,10,500,0.0001,16,5000,0.4575885650701821,0.41878319904208183,0.03711579320952296,0.026400156784802675,4.0,0.006600039196200669,698.564984220854,,,,,,,,,,,,,,,
