inputs,inputs,inputs,inputs,inputs,inputs,inputs,inputs,inputs,inputs,inputs,results,results,results,results,results,results,results,results,results,results,results,results,results,results,results,results,results,results,results,results,results,results
data,data,data,data,data,train,train,train,train,train,dimm,cpu,cpu,cpu,cpu,cpu,cpu,cpu,dpu,dpu,dpu,dpu,dpu,dpu,dpu,dpu,dpu,dpu,dpu,dpu,dpu,dpu,dpu
synthetic,n_points,n_dim,centers,random_state,random_state,n_init,max_iter,tol,n_clusters,n_dpu,times,train_times,preprocessing_times,single_kmeans_times,iterations,times_one_iter,score,times,train_times,init_times,preprocessing_times,cpu_pim_times,pim_cpu_times,inertia_times,reallocate_times,single_kmeans_times,kernel_runtime,inter_pim_core_times,iterations,times_one_iter,score,cross_score
True,1000,16,16,42,42,10,500,0.0001,16,64,0.38662980403751135,0.3448400432243943,0.039963769260793924,0.06502397498115897,4.0,0.016255993745289743,698.564984220854,0.2140708859078586,0.14286227710545063,0.0972925960086286,0.004586788825690746,0.000367,0.000158,0.0011123428121209145,0.0,0.010811172891408205,0.002793,0.008018172891408205,4.0,0.0027027932228520513,698.564984220854,1.0
True,1000,16,16,42,42,10,500,0.0001,16,128,0.38662980403751135,0.3448400432243943,0.039963769260793924,0.06502397498115897,4.0,0.016255993745289743,698.564984220854,0.2267211750149727,0.15360926557332277,0.06388486735522747,0.004812134895473719,0.000305,0.00017099999999999998,0.0010105976834893227,0.0,0.009607756976038218,0.002142,0.007465756976038218,4.0,0.0024019392440095544,698.564984220854,1.0
True,1000,16,16,42,42,10,500,0.0001,16,256,0.38662980403751135,0.3448400432243943,0.039963769260793924,0.06502397498115897,4.0,0.016255993745289743,698.564984220854,0.25947596691548824,0.19069954426959157,0.12522428994998336,0.003713945858180523,0.00042899999999999997,0.000197,0.001098352950066328,0.0,0.01181097887456417,0.002143,0.009667978874564172,4.0,0.0029527447186410427,698.564984220854,1.0
True,1000,16,16,42,42,10,500,0.0001,16,5000,0.38662980403751135,0.3448400432243943,0.039963769260793924,0.06502397498115897,4.0,0.016255993745289743,698.564984220854,,,,,,,,,,,,,,,
