inputs,inputs,inputs,inputs,inputs,inputs,inputs,inputs,inputs,inputs,inputs,results,results,results,results,results,results,results,results,results,results,results,results,results,results,results,results,results,results,results,results,results,results
data,data,data,data,data,train,train,train,train,train,dimm,cpu,cpu,cpu,cpu,cpu,cpu,cpu,dpu,dpu,dpu,dpu,dpu,dpu,dpu,dpu,dpu,dpu,dpu,dpu,dpu,dpu,dpu
synthetic,n_points,n_dim,centers,random_state,random_state,n_init,max_iter,tol,n_clusters,n_dpu,times,train_times,preprocessing_times,single_kmeans_times,iterations,times_one_iter,score,times,train_times,init_times,preprocessing_times,cpu_pim_times,pim_cpu_times,inertia_times,reallocate_times,single_kmeans_times,kernel_runtime,inter_pim_core_times,iterations,times_one_iter,score,cross_score
True,1000,16,16,42,42,10,500,0.0001,16,64,0.24125840282067657,0.20119349821470678,0.03884310903958976,0.007918701972812414,4.0,0.0019796754932031035,698.564984220854,0.1591560780070722,0.14706715056672692,0.06060593412257731,0.004250028869137168,0.000419,0.000154,0.0010454661678522825,0.0,0.009231638861820102,0.0027429999999999998,0.006488638861820102,4.0,0.0023079097154550254,698.564984220854,1.0
True,1000,16,16,42,42,10,500,0.0001,16,128,0.24125840282067657,0.20119349821470678,0.03884310903958976,0.007918701972812414,4.0,0.0019796754932031035,698.564984220854,0.2217955319210887,0.17370173730887473,0.06629847409203649,0.0037190408911556005,0.00043,0.000179,0.0010541288647800684,0.0,0.011189037002623081,0.00216,0.00902903700262308,4.0,0.0027972592506557703,698.564984220854,1.0
True,1000,16,16,42,42,10,500,0.0001,16,256,0.24125840282067657,0.20119349821470678,0.03884310903958976,0.007918701972812414,4.0,0.0019796754932031035,698.564984220854,0.250426096143201,0.239542598137632,0.12850384414196014,0.004730667918920517,0.000704,0.00023099999999999998,0.0011149749625474215,0.0,0.0140497419051826,0.002191,0.0118587419051826,4.0,0.00351243547629565,698.564984220854,1.0
True,1000,16,16,42,42,10,500,0.0001,16,2048,0.24125840282067657,0.20119349821470678,0.03884310903958976,0.007918701972812414,4.0,0.0019796754932031035,698.564984220854,,,,,,,,,,,,,,,
