inputs,inputs,inputs,inputs,inputs,inputs,inputs,inputs,inputs,inputs,inputs,results,results,results,results,results,results,results,results,results,results,results,results,results,results,results,results,results,results,results,results,results,results
data,data,data,data,data,train,train,train,train,train,dimm,cpu,cpu,cpu,cpu,cpu,cpu,cpu,dpu,dpu,dpu,dpu,dpu,dpu,dpu,dpu,dpu,dpu,dpu,dpu,dpu,dpu,dpu
synthetic,n_points,n_dim,centers,random_state,random_state,n_init,max_iter,tol,n_clusters,n_dpu,times,train_times,preprocessing_times,single_kmeans_times,iterations,times_one_iter,score,times,train_times,init_times,preprocessing_times,cpu_pim_times,pim_cpu_times,inertia_times,reallocate_times,single_kmeans_times,kernel_runtime,inter_pim_core_times,iterations,times_one_iter,score,cross_score
True,1000,16,16,42,42,10,500,0.0001,16,64,0.29499603298609145,0.2672574420867022,0.026522127009229735,0.008691076014656574,4.0,0.0021727690036641434,698.564984220854,0.14087395698879845,0.11203445596038364,0.061028819996863604,0.003640654991613701,0.000257,0.000122,0.0008578360138926655,0.0,0.007308920001378283,0.002273,0.005035920001378283,4.0,0.0018272300003445707,698.564984220854,1.0
True,1000,16,16,42,42,10,500,0.0001,16,128,0.29499603298609145,0.2672574420867022,0.026522127009229735,0.008691076014656574,4.0,0.0021727690036641434,698.564984220854,0.13863264399697073,0.12653074093395844,0.06404199200915173,0.002700823009945452,0.00023999999999999998,0.000133,0.0008221880125347525,0.0,0.008165428997017443,0.001735,0.006430428997017443,4.0,0.002041357249254361,698.564984220854,1.0
True,1000,16,16,42,42,10,500,0.0001,16,256,0.29499603298609145,0.2672574420867022,0.026522127009229735,0.008691076014656574,4.0,0.0021727690036641434,698.564984220854,0.23969772300915793,0.19952353596454486,0.18092730999342166,0.0038561609981115907,0.00044899999999999996,0.00018099999999999998,0.0009704960102681071,0.0,0.012186028994619846,0.001798,0.010388028994619847,4.0,0.0030465072486549616,698.564984220854,1.0
True,1000,16,16,42,42,10,500,0.0001,16,5000,0.29499603298609145,0.2672574420867022,0.026522127009229735,0.008691076014656574,4.0,0.0021727690036641434,698.564984220854,,,,,,,,,,,,,,,
