inputs,inputs,inputs,inputs,inputs,inputs,inputs,inputs,inputs,inputs,inputs,results,results,results,results,results,results,results,results,results,results,results,results,results,results,results,results,results,results,results,results,results,results
data,data,data,data,data,train,train,train,train,train,dimm,cpu,cpu,cpu,cpu,cpu,cpu,cpu,dpu,dpu,dpu,dpu,dpu,dpu,dpu,dpu,dpu,dpu,dpu,dpu,dpu,dpu,dpu
synthetic,n_points,n_dim,centers,random_state,random_state,n_init,max_iter,tol,n_clusters,n_dpu,times,train_times,preprocessing_times,single_kmeans_times,iterations,times_one_iter,score,times,train_times,init_times,preprocessing_times,cpu_pim_times,pim_cpu_times,inertia_times,reallocate_times,single_kmeans_times,kernel_runtime,inter_pim_core_times,iterations,times_one_iter,score,cross_score
True,1000,16,16,42,42,10,500,0.0001,16,64,0.3001566049642861,0.2680578801082447,0.031064816052094102,0.010611348901875317,4.0,0.0026528372254688293,698.564984220854,0.1391094750724733,0.12522371800150722,0.05243270902428776,0.003968146978877485,0.00036399999999999996,0.000145,0.0009110309183597565,0.0,0.008372038952074945,0.002363,0.0060090389520749445,4.0,0.0020930097380187362,698.564984220854,1.0
True,1000,16,16,42,42,10,500,0.0001,16,128,0.3001566049642861,0.2680578801082447,0.031064816052094102,0.010611348901875317,4.0,0.0026528372254688293,698.564984220854,0.15597561607137322,0.14364495314657688,0.06567585002630949,0.0024947701022028923,0.000278,0.000158,0.0008718209573999047,0.0,0.009727210970595479,0.001869,0.00785821097059548,4.0,0.0024318027426488698,698.564984220854,1.0
True,1000,16,16,42,42,10,500,0.0001,16,256,0.3001566049642861,0.2680578801082447,0.031064816052094102,0.010611348901875317,4.0,0.0026528372254688293,698.564984220854,0.21959340595640242,0.18386784510221332,0.17293296405114233,0.003602440934628248,0.000377,0.000195,0.0010207690065726638,0.0,0.01168827700894326,0.001975,0.009713277008943259,4.0,0.002922069252235815,698.564984220854,1.0
True,1000,16,16,42,42,10,500,0.0001,16,5000,0.3001566049642861,0.2680578801082447,0.031064816052094102,0.010611348901875317,4.0,0.0026528372254688293,698.564984220854,,,,,,,,,,,,,,,
