inputs,inputs,inputs,inputs,inputs,inputs,inputs,inputs,inputs,inputs,inputs,results,results,results,results,results,results,results,results,results,results,results,results,results,results,results,results,results,results,results,results,results,results
data,data,data,data,data,train,train,train,train,train,dimm,cpu,cpu,cpu,cpu,cpu,cpu,cpu,dpu,dpu,dpu,dpu,dpu,dpu,dpu,dpu,dpu,dpu,dpu,dpu,dpu,dpu,dpu
synthetic,n_points,n_dim,centers,random_state,random_state,n_init,max_iter,tol,n_clusters,n_dpu,times,train_times,preprocessing_times,single_kmeans_times,iterations,times_one_iter,score,times,train_times,init_times,preprocessing_times,cpu_pim_times,pim_cpu_times,inertia_times,reallocate_times,single_kmeans_times,kernel_runtime,inter_pim_core_times,iterations,times_one_iter,score,cross_score
True,1000,16,16,42,42,10,500,0.0001,16,64,0.24061593899386935,0.21130153295234777,0.028309410001384094,0.01192901298054494,4.0,0.002982253245136235,698.564984220854,0.1252486569865141,0.11209489096654579,0.06286723201628774,0.0033729150018189102,0.00028199999999999997,0.000121,0.0008538209949620068,0.0,0.007186062022810802,0.002256,0.004930062022810802,4.0,0.0017965155057027005,698.564984220854,1.0
True,1000,16,16,42,42,10,500,0.0001,16,128,0.24061593899386935,0.21130153295234777,0.028309410001384094,0.01192901298054494,4.0,0.002982253245136235,698.564984220854,0.17143914100597613,0.14007168397074565,0.06988707598065957,0.003582809993531555,0.000325,0.00013099999999999999,0.0008017789805307984,0.0,0.009261522995075211,0.001766,0.007495522995075211,4.0,0.0023153807487688027,698.564984220854,1.0
True,1000,16,16,42,42,10,500,0.0001,16,256,0.24061593899386935,0.21130153295234777,0.028309410001384094,0.01192901298054494,4.0,0.002982253245136235,698.564984220854,0.23726116100442596,0.19907431697356515,0.15974792401539162,0.0035929440055042505,0.000557,0.000169,0.000895272009074688,0.0,0.011659086012514308,0.001789,0.009870086012514307,4.0,0.002914771503128577,698.564984220854,1.0
True,1000,16,16,42,42,10,500,0.0001,16,2048,0.24061593899386935,0.21130153295234777,0.028309410001384094,0.01192901298054494,4.0,0.002982253245136235,698.564984220854,,,,,,,,,,,,,,,
