inputs,inputs,inputs,inputs,inputs,inputs,inputs,inputs,inputs,inputs,inputs,results,results,results,results,results,results,results,results,results,results,results,results,results,results,results,results,results,results,results,results,results,results
data,data,data,data,data,train,train,train,train,train,dimm,cpu,cpu,cpu,cpu,cpu,cpu,cpu,dpu,dpu,dpu,dpu,dpu,dpu,dpu,dpu,dpu,dpu,dpu,dpu,dpu,dpu,dpu
synthetic,n_points,n_dim,centers,random_state,random_state,n_init,max_iter,tol,n_clusters,n_dpu,times,train_times,preprocessing_times,single_kmeans_times,iterations,times_one_iter,score,times,train_times,init_times,preprocessing_times,cpu_pim_times,pim_cpu_times,inertia_times,reallocate_times,single_kmeans_times,kernel_runtime,inter_pim_core_times,iterations,times_one_iter,score,cross_score
True,1000,16,16,42,42,10,500,0.0001,16,64,0.27435057796537876,0.24083888495806605,0.03237482497934252,0.013079057913273573,4.0,0.0032697644783183932,698.564984220854,0.15008612198289484,0.12693484697956592,0.061373329954221845,0.004080947022885084,0.000309,0.00018099999999999998,0.0009672280866652727,0.0,0.008139463025145233,0.002367,0.0057724630251452325,4.0,0.002034865756286308,698.564984220854,1.0
True,1000,16,16,42,42,10,500,0.0001,16,128,0.27435057796537876,0.24083888495806605,0.03237482497934252,0.013079057913273573,4.0,0.0032697644783183932,698.564984220854,0.16600216797087342,0.1436903749126941,0.06938787398394197,0.002573131932877004,0.00029499999999999996,0.00016999999999999999,0.0009259999496862292,0.0,0.009171757032163441,0.001882,0.007289757032163441,4.0,0.0022929392580408603,698.564984220854,1.0
True,1000,16,16,42,42,10,500,0.0001,16,256,0.27435057796537876,0.24083888495806605,0.03237482497934252,0.013079057913273573,4.0,0.0032697644783183932,698.564984220854,0.24251205404289067,0.22050576389301568,0.15611279592849314,0.004534519976004958,0.00043299999999999995,0.000193,0.001018350012600422,0.0,0.013108699000440538,0.001982,0.011126699000440539,4.0,0.0032771747501101345,698.564984220854,1.0
True,1000,16,16,42,42,10,500,0.0001,16,5000,0.27435057796537876,0.24083888495806605,0.03237482497934252,0.013079057913273573,4.0,0.0032697644783183932,698.564984220854,,,,,,,,,,,,,,,
