inputs,inputs,inputs,inputs,inputs,inputs,inputs,inputs,inputs,inputs,inputs,results,results,results,results,results,results,results,results,results,results,results,results,results,results,results,results,results,results,results,results,results,results
data,data,data,data,data,train,train,train,train,train,dimm,cpu,cpu,cpu,cpu,cpu,cpu,cpu,dpu,dpu,dpu,dpu,dpu,dpu,dpu,dpu,dpu,dpu,dpu,dpu,dpu,dpu,dpu
synthetic,n_points,n_dim,centers,random_state,random_state,n_init,max_iter,tol,n_clusters,n_dpu,times,train_times,preprocessing_times,single_kmeans_times,iterations,times_one_iter,score,times,train_times,init_times,preprocessing_times,cpu_pim_times,pim_cpu_times,inertia_times,reallocate_times,single_kmeans_times,kernel_runtime,inter_pim_core_times,iterations,times_one_iter,score,cross_score
True,1000,16,16,42,42,10,500,0.0001,16,64,0.6866265838034451,0.647037195507437,0.037996972911059856,0.015524366870522499,4.0,0.0038810917176306248,698.564984220854,0.21302718296647072,0.14037603372707963,0.06728572770953178,0.005105652846395969,0.000464,0.000155,0.0010511712171137333,0.0,0.009166335687041283,0.002745,0.006421335687041283,4.0,0.0022915839217603207,698.564984220854,1.0
True,1000,16,16,42,42,10,500,0.0001,16,128,0.6866265838034451,0.647037195507437,0.037996972911059856,0.015524366870522499,4.0,0.0038810917176306248,698.564984220854,0.22925878409296274,0.17334364634007215,0.07599443523213267,0.004009006079286337,0.000464,0.000227,0.0010789618827402592,0.0,0.010786529630422592,0.0021520000000000003,0.008634529630422591,4.0,0.002696632407605648,698.564984220854,1.0
True,1000,16,16,42,42,10,500,0.0001,16,256,0.6866265838034451,0.647037195507437,0.037996972911059856,0.015524366870522499,4.0,0.0038810917176306248,698.564984220854,0.25711222598329186,0.24647699622437358,0.13579032476991415,0.004363649990409613,0.0005949999999999999,0.00022099999999999998,0.0010870709083974361,0.0,0.014845123048871756,0.002218,0.012627123048871756,4.0,0.003711280762217939,698.564984220854,1.0
True,1000,16,16,42,42,10,500,0.0001,16,5000,0.6866265838034451,0.647037195507437,0.037996972911059856,0.015524366870522499,4.0,0.0038810917176306248,698.564984220854,,,,,,,,,,,,,,,
