inputs,inputs,inputs,inputs,inputs,inputs,inputs,inputs,inputs,inputs,inputs,results,results,results,results,results,results,results,results,results,results,results,results,results,results,results,results,results,results,results,results,results,results
data,data,data,data,data,train,train,train,train,train,dimm,cpu,cpu,cpu,cpu,cpu,cpu,cpu,dpu,dpu,dpu,dpu,dpu,dpu,dpu,dpu,dpu,dpu,dpu,dpu,dpu,dpu,dpu
synthetic,n_points,n_dim,centers,random_state,random_state,n_init,max_iter,tol,n_clusters,n_dpu,times,train_times,preprocessing_times,single_kmeans_times,iterations,times_one_iter,score,times,train_times,init_times,preprocessing_times,cpu_pim_times,pim_cpu_times,inertia_times,reallocate_times,single_kmeans_times,kernel_runtime,inter_pim_core_times,iterations,times_one_iter,score,cross_score
True,1000,16,16,42,42,10,500,0.0001,16,64,0.2648173130583018,0.22567258379422128,0.037832387955859303,0.003935444867238402,4.0,0.0009838612168096006,698.564984220854,0.20194793492555618,0.1379211770836264,0.06274858419783413,0.004259446170181036,0.000372,0.000157,0.001018742099404335,0.0,0.00866630207747221,0.0028030000000000004,0.00586330207747221,4.0,0.0021665755193680525,698.564984220854,1.0
True,1000,16,16,42,42,10,500,0.0001,16,128,0.2648173130583018,0.22567258379422128,0.037832387955859303,0.003935444867238402,4.0,0.0009838612168096006,698.564984220854,0.1966490049380809,0.16914256196469069,0.07826878596097231,0.004431074019521475,0.000435,0.00017099999999999998,0.0010025009978562593,0.0,0.01042829779908061,0.00214,0.00828829779908061,4.0,0.0026070744497701526,698.564984220854,1.0
True,1000,16,16,42,42,10,500,0.0001,16,256,0.2648173130583018,0.22567258379422128,0.037832387955859303,0.003935444867238402,4.0,0.0009838612168096006,698.564984220854,0.31804373394697905,0.24529654742218554,0.1464270621072501,0.0044504450634121895,0.000704,0.00022799999999999999,0.0011241980828344822,0.0,0.014884763862937689,0.002234,0.012650763862937689,4.0,0.003721190965734422,698.564984220854,1.0
True,1000,16,16,42,42,10,500,0.0001,16,2048,0.2648173130583018,0.22567258379422128,0.037832387955859303,0.003935444867238402,4.0,0.0009838612168096006,698.564984220854,,,,,,,,,,,,,,,
