inputs,inputs,inputs,inputs,inputs,inputs,inputs,inputs,inputs,inputs,inputs,results,results,results,results,results,results,results,results,results,results,results,results,results,results,results,results,results,results,results,results,results,results
data,data,data,data,data,train,train,train,train,train,dimm,cpu,cpu,cpu,cpu,cpu,cpu,cpu,dpu,dpu,dpu,dpu,dpu,dpu,dpu,dpu,dpu,dpu,dpu,dpu,dpu,dpu,dpu
synthetic,n_points,n_dim,centers,random_state,random_state,n_init,max_iter,tol,n_clusters,n_dpu,times,train_times,preprocessing_times,single_kmeans_times,iterations,times_one_iter,score,times,train_times,init_times,preprocessing_times,cpu_pim_times,pim_cpu_times,inertia_times,reallocate_times,single_kmeans_times,kernel_runtime,inter_pim_core_times,iterations,times_one_iter,score,cross_score
True,1000,16,16,42,42,10,500,0.0001,16,64,0.336076439358294,0.29655557638034225,0.038122001104056835,0.011098186019808054,4.0,0.0027745465049520135,698.564984220854,0.2052053757943213,0.13228423427790403,0.05667747696861625,0.004309399984776974,0.00036399999999999996,0.00011999999999999999,0.0008590309880673885,0.0,0.00866689020767808,0.002649,0.006017890207678079,4.0,0.00216672255191952,698.564984220854,1.0
True,1000,16,16,42,42,10,500,0.0001,16,128,0.336076439358294,0.29655557638034225,0.038122001104056835,0.011098186019808054,4.0,0.0027745465049520135,698.564984220854,0.24599196203052998,0.17202862678095698,0.07670095283538103,0.00647138012573123,0.000455,0.000154,0.0009635630995035172,0.0,0.010378477163612843,0.0021379999999999997,0.008240477163612843,4.0,0.0025946192909032106,698.564984220854,1.0
True,1000,16,16,42,42,10,500,0.0001,16,256,0.336076439358294,0.29655557638034225,0.038122001104056835,0.011098186019808054,4.0,0.0027745465049520135,698.564984220854,0.32482111593708396,0.2525746375322342,0.14974333392456174,0.004592712968587875,0.0006799999999999999,0.000247,0.0012073437683284283,0.0,0.015899335965514183,0.0022120000000000004,0.013687335965514183,4.0,0.003974833991378546,698.564984220854,1.0
True,1000,16,16,42,42,10,500,0.0001,16,5000,0.336076439358294,0.29655557638034225,0.038122001104056835,0.011098186019808054,4.0,0.0027745465049520135,698.564984220854,,,,,,,,,,,,,,,
