inputs,inputs,inputs,inputs,inputs,inputs,inputs,inputs,inputs,inputs,inputs,results,results,results,results,results,results,results,results,results,results,results,results,results,results,results,results,results,results,results,results,results,results
data,data,data,data,data,train,train,train,train,train,dimm,cpu,cpu,cpu,cpu,cpu,cpu,cpu,dpu,dpu,dpu,dpu,dpu,dpu,dpu,dpu,dpu,dpu,dpu,dpu,dpu,dpu,dpu
synthetic,n_points,n_dim,centers,random_state,random_state,n_init,max_iter,tol,n_clusters,n_dpu,times,train_times,preprocessing_times,single_kmeans_times,iterations,times_one_iter,score,times,train_times,init_times,preprocessing_times,cpu_pim_times,pim_cpu_times,inertia_times,reallocate_times,single_kmeans_times,kernel_runtime,inter_pim_core_times,iterations,times_one_iter,score,cross_score
True,1000,16,16,42,42,10,500,0.0001,16,64,1.1015593246556818,1.0020156987011433,0.07964433822780848,0.0757747059687972,4.0,0.0189436764921993,698.564984220854,0.23706606682389975,0.16306117409840226,0.06630806205794215,0.004624235909432173,0.001088,0.000103,0.0008135088719427586,0.0,0.008465291932225227,0.0034319999999999997,0.005033291932225228,4.0,0.002116322983056307,698.564984220854,1.0
True,1000,16,16,42,42,10,500,0.0001,16,128,1.1015593246556818,1.0020156987011433,0.07964433822780848,0.0757747059687972,4.0,0.0189436764921993,698.564984220854,0.26464292826130986,0.19846435077488422,0.06889231828972697,0.003576338291168213,0.000376,0.008536,0.009279136080294847,0.0,0.023455827962607145,0.00472,0.018735827962607143,4.0,0.005863956990651786,698.564984220854,1.0
True,1000,16,16,42,42,10,500,0.0001,16,256,1.1015593246556818,1.0020156987011433,0.07964433822780848,0.0757747059687972,4.0,0.0189436764921993,698.564984220854,0.30986139131709933,0.2351416489109397,0.5274658217094839,0.00723041919991374,0.002217,0.00020099999999999998,0.001072415616363287,0.0,0.012671349570155144,0.002152,0.010519349570155144,4.0,0.003167837392538786,698.564984220854,1.0
True,1000,16,16,42,42,10,500,0.0001,16,5000,1.1015593246556818,1.0020156987011433,0.07964433822780848,0.0757747059687972,4.0,0.0189436764921993,698.564984220854,,,,,,,,,,,,,,,
