inputs,inputs,inputs,inputs,inputs,inputs,inputs,inputs,inputs,inputs,inputs,results,results,results,results,results,results,results,results,results,results,results,results,results,results,results,results,results,results,results,results,results,results
data,data,data,data,data,train,train,train,train,train,dimm,cpu,cpu,cpu,cpu,cpu,cpu,cpu,dpu,dpu,dpu,dpu,dpu,dpu,dpu,dpu,dpu,dpu,dpu,dpu,dpu,dpu,dpu
synthetic,n_points,n_dim,centers,random_state,random_state,n_init,max_iter,tol,n_clusters,n_dpu,times,train_times,preprocessing_times,single_kmeans_times,iterations,times_one_iter,score,times,train_times,init_times,preprocessing_times,cpu_pim_times,pim_cpu_times,inertia_times,reallocate_times,single_kmeans_times,kernel_runtime,inter_pim_core_times,iterations,times_one_iter,score,cross_score
True,1000,16,16,42,42,10,500,0.0001,16,64,0.22066689800703898,0.1900265070144087,0.029646731010871008,0.007925784011604264,4.0,0.001981446002901066,698.564984220854,0.12626603202079423,0.11259890900691971,0.059393027011537924,0.0033545350015629083,0.000281,0.000121,0.0008611520170234144,0.0,0.0072389040142297745,0.002252,0.004986904014229774,4.0,0.0018097260035574436,698.564984220854,1.0
True,1000,16,16,42,42,10,500,0.0001,16,128,0.22066689800703898,0.1900265070144087,0.029646731010871008,0.007925784011604264,4.0,0.001981446002901066,698.564984220854,0.13436205699690618,0.12252213797182776,0.06422291899798438,0.002937555982498452,0.00026,0.00013099999999999999,0.000813294987892732,0.0,0.0077743169968016446,0.0017529999999999998,0.006021316996801645,4.0,0.0019435792492004111,698.564984220854,1.0
True,1000,16,16,42,42,10,500,0.0001,16,256,0.22066689800703898,0.1900265070144087,0.029646731010871008,0.007925784011604264,4.0,0.001981446002901066,698.564984220854,0.1793426969961729,0.16390212799888104,0.18426235899096355,0.0034131300053559244,0.000341,0.000168,0.000903009989997372,0.0,0.009953669999958947,0.0018110000000000001,0.008142669999958947,4.0,0.002488417499989737,698.564984220854,1.0
True,1000,16,16,42,42,10,500,0.0001,16,5000,0.22066689800703898,0.1900265070144087,0.029646731010871008,0.007925784011604264,4.0,0.001981446002901066,698.564984220854,,,,,,,,,,,,,,,
