{
  "simple": {
    "64": {
      "cpu_train_times": 1.0020156987011433,
      "dpu_train_times": 0.16306117409840226
    },
    "128": {
      "cpu_train_times": 1.0020156987011433,
      "dpu_train_times": 0.19846435077488422
    },
    "256": {
      "cpu_train_times": 1.0020156987011433,
      "dpu_train_times": 0.2351416489109397
    }
  }
}
