{
  "simple": {
    "64": {
      "cpu_train_times": 0.41878319904208183,
      "dpu_train_times": 0.1435866840183735
    },
    "128": {
      "cpu_train_times": 0.41878319904208183,
      "dpu_train_times": 0.16783855529502034
    },
    "256": {
      "cpu_train_times": 0.41878319904208183,
      "dpu_train_times": 0.22175080375745893
    }
  }
}
