{"64":{"cpu_train_times":0.211301533,"dpu_train_times":0.112094891},"128":{"cpu_train_times":0.211301533,"dpu_train_times":0.140071684},"256":{"cpu_train_times":0.211301533,"dpu_train_times":0.199074317}}
