{
  "simple": {
    "64": {
      "cpu_train_times": 0.29655557638034225,
      "dpu_train_times": 0.13228423427790403
    },
    "128": {
      "cpu_train_times": 0.29655557638034225,
      "dpu_train_times": 0.17202862678095698
    },
    "256": {
      "cpu_train_times": 0.29655557638034225,
      "dpu_train_times": 0.2525746375322342
    }
  }
}
