{
  "simple": {
    "64": {
      "cpu_train_times": 0.647037195507437,
      "dpu_train_times": 0.14037603372707963
    },
    "128": {
      "cpu_train_times": 0.647037195507437,
      "dpu_train_times": 0.17334364634007215
    },
    "256": {
      "cpu_train_times": 0.647037195507437,
      "dpu_train_times": 0.24647699622437358
    }
  }
}
