{
  "simple": {
    "64": {
      "cpu_train_times": 0.24083888495806605,
      "dpu_train_times": 0.12693484697956592
    },
    "128": {
      "cpu_train_times": 0.24083888495806605,
      "dpu_train_times": 0.1436903749126941
    },
    "256": {
      "cpu_train_times": 0.24083888495806605,
      "dpu_train_times": 0.22050576389301568
    }
  }
}
