{
  "simple": {
    "64": {
      "cpu_train_times": 0.3448400432243943,
      "dpu_train_times": 0.14286227710545063
    },
    "128": {
      "cpu_train_times": 0.3448400432243943,
      "dpu_train_times": 0.15360926557332277
    },
    "256": {
      "cpu_train_times": 0.3448400432243943,
      "dpu_train_times": 0.19069954426959157
    }
  }
}
