{"64":{"cpu_train_times":0.190026507,"dpu_train_times":0.112598909},"128":{"cpu_train_times":0.190026507,"dpu_train_times":0.122522138},"256":{"cpu_train_times":0.190026507,"dpu_train_times":0.163902128}}
