{
  "simple": {
    "64": {
      "cpu_train_times": 0.2680578801082447,
      "dpu_train_times": 0.12522371800150722,
      "speedup": 2.1406318578164107
    },
    "128": {
      "cpu_train_times": 0.2680578801082447,
      "dpu_train_times": 0.14364495314657688,
      "speedup": 1.8661141532394496
    },
    "256": {
      "cpu_train_times": 0.2680578801082447,
      "dpu_train_times": 0.18386784510221332,
      "speedup": 1.4578834051121314
    },
    "best_speedup": 2.1406318578164107
  }
}
