dimm_n_dpu,cpu_train_times,dpu_train_times
64,0.29655557638034225,0.13228423427790403
128,0.29655557638034225,0.17202862678095698
256,0.29655557638034225,0.2525746375322342
