dimm_n_dpu,cpu_train_times,dpu_train_times
64,0.41878319904208183,0.1435866840183735
128,0.41878319904208183,0.16783855529502034
256,0.41878319904208183,0.22175080375745893
