dimm_n_dpu,cpu_train_times,dpu_train_times
64,0.647037195507437,0.14037603372707963
128,0.647037195507437,0.17334364634007215
256,0.647037195507437,0.24647699622437358
