dimm_n_dpu,cpu_train_times,dpu_train_times
64,0.3448400432243943,0.14286227710545063
128,0.3448400432243943,0.15360926557332277
256,0.3448400432243943,0.19069954426959157
