dimm_n_dpu,cpu_train_times,dpu_train_times
64,0.2680578801082447,0.12522371800150722
128,0.2680578801082447,0.14364495314657688
256,0.2680578801082447,0.18386784510221332
