dimm_n_dpu,cpu_train_times,dpu_train_times
64,0.24083888495806605,0.12693484697956592
128,0.24083888495806605,0.1436903749126941
256,0.24083888495806605,0.22050576389301568
