dimm_n_dpu,cpu_train_times,dpu_train_times
64,1.0020156987011433,0.16306117409840226
128,1.0020156987011433,0.19846435077488422
256,1.0020156987011433,0.2351416489109397
