dimm_n_dpu,cpu_train_times,dpu_train_times
64,0.21130153295234777,0.11209489096654579
128,0.21130153295234777,0.14007168397074565
256,0.21130153295234777,0.19907431697356515
