dimm_n_dpu,cpu_train_times,dpu_train_times
64,0.2672574420867022,0.11203445596038364
128,0.2672574420867022,0.12653074093395844
256,0.2672574420867022,0.19952353596454486
