dimm_n_dpu,cpu_train_times,dpu_train_times
64,0.1900265070144087,0.11259890900691971
128,0.1900265070144087,0.12252213797182776
256,0.1900265070144087,0.16390212799888104
