dimm_n_dpu,cpu_train_times,dpu_train_times
64,0.20119349821470678,0.14706715056672692
128,0.20119349821470678,0.17370173730887473
256,0.20119349821470678,0.239542598137632
