dimm_n_dpu,cpu_train_times,dpu_train_times
64,0.22567258379422128,0.1379211770836264
128,0.22567258379422128,0.16914256196469069
256,0.22567258379422128,0.24529654742218554
