dimm_n_dpu,cpu_train_times,dpu_train_times
64,0.25716022681444883,0.14682892290875316
128,0.25716022681444883,0.15728911710903049
256,0.25716022681444883,0.19730568397790194
