{"64":{"cpu_train_times":0.6926465365,"dpu_train_times":0.1468342938},"128":{"cpu_train_times":0.6926465365,"dpu_train_times":0.1682128469},"256":{"cpu_train_times":0.6926465365,"dpu_train_times":0.248693414}}