{"64":{"cpu_train_times":0.2571602268,"dpu_train_times":0.1468289229},"128":{"cpu_train_times":0.2571602268,"dpu_train_times":0.1572891171},"256":{"cpu_train_times":0.2571602268,"dpu_train_times":0.197305684}}
