inputs,inputs,inputs,inputs,inputs,inputs,inputs,inputs,inputs,inputs,inputs,results,results,results,results,results,results,results,results,results,results,results,results,results,results,results,results,results,results,results,results,results,results
data,data,data,data,data,train,train,train,train,train,dimm,cpu,cpu,cpu,cpu,cpu,cpu,cpu,dpu,dpu,dpu,dpu,dpu,dpu,dpu,dpu,dpu,dpu,dpu,dpu,dpu,dpu,dpu
synthetic,n_points,n_dim,centers,random_state,random_state,n_init,max_iter,tol,n_clusters,n_dpu,times,train_times,preprocessing_times,single_kmeans_times,iterations,times_one_iter,score,times,train_times,init_times,preprocessing_times,cpu_pim_times,pim_cpu_times,inertia_times,reallocate_times,single_kmeans_times,kernel_runtime,inter_pim_core_times,iterations,times_one_iter,score,cross_score
True,1000,16,16,42,42,10,500,0.0001,16,64,0.29678202979266644,0.25716022681444883,0.03837749804370105,0.003924001939594746,4.0,0.0009810004848986864,698.564984220854,0.18325247708708048,0.14682892290875316,0.09267715201713145,0.005088333040475845,0.000461,0.00016199999999999998,0.0010798010043799877,0.0,0.009402269963175058,0.002758,0.006644269963175058,4.0,0.0023505674907937646,698.564984220854,1.0
True,1000,16,16,42,42,10,500,0.0001,16,128,0.29678202979266644,0.25716022681444883,0.03837749804370105,0.003924001939594746,4.0,0.0009810004848986864,698.564984220854,0.17037410591728985,0.15728911710903049,0.07834483496844769,0.00390829099342227,0.000366,0.000175,0.0010322700254619122,0.0,0.009859920013695955,0.0021699999999999996,0.007689920013695955,4.0,0.002464980003423989,698.564984220854,1.0
True,1000,16,16,42,42,10,500,0.0001,16,256,0.29678202979266644,0.25716022681444883,0.03837749804370105,0.003924001939594746,4.0,0.0009810004848986864,698.564984220854,0.21258998615667224,0.19730568397790194,0.13900667801499367,0.004183229058980942,0.000403,0.000214,0.0010948081035166979,0.0,0.012249187100678682,0.0021939999999999998,0.010055187100678683,4.0,0.0030622967751696706,698.564984220854,1.0
True,1000,16,16,42,42,10,500,0.0001,16,5000,0.29678202979266644,0.25716022681444883,0.03837749804370105,0.003924001939594746,4.0,0.0009810004848986864,698.564984220854,,,,,,,,,,,,,,,
