inputs,inputs,inputs,inputs,inputs,inputs,inputs,inputs,inputs,inputs,inputs,results,results,results,results,results,results,results,results,results,results,results,results,results,results,results,results,results,results,results,results,results,results
data,data,data,data,data,train,train,train,train,train,dimm,cpu,cpu,cpu,cpu,cpu,cpu,cpu,dpu,dpu,dpu,dpu,dpu,dpu,dpu,dpu,dpu,dpu,dpu,dpu,dpu,dpu,dpu
synthetic,n_points,n_dim,centers,random_state,random_state,n_init,max_iter,tol,n_clusters,n_dpu,times,train_times,preprocessing_times,single_kmeans_times,iterations,times_one_iter,score,times,train_times,init_times,preprocessing_times,cpu_pim_times,pim_cpu_times,inertia_times,reallocate_times,single_kmeans_times,kernel_runtime,inter_pim_core_times,iterations,times_one_iter,score,cross_score
True,1000,16,16,42,42,10,500,0.0001,16,64,0.7312047888990492,0.6926465365104377,0.036748487036675215,0.048437834018841386,4.0,0.012109458504710346,698.564984220854,0.21898669586516917,0.14683429384604096,0.0679117830004543,0.005025692982599139,0.00045,0.000159,0.0010619598906487226,0.0,0.009367023827508092,0.002744,0.006623023827508092,4.0,0.002341755956877023,698.564984220854,1.0
True,1000,16,16,42,42,10,500,0.0001,16,128,0.7312047888990492,0.6926465365104377,0.036748487036675215,0.048437834018841386,4.0,0.012109458504710346,698.564984220854,0.18709546304307878,0.168212846852839,0.07855635182932019,0.0042278890032321215,0.000454,0.00016999999999999999,0.0009833220392465591,0.0,0.01034046383574605,0.00212,0.00822046383574605,4.0,0.0025851159589365125,698.564984220854,1.0
True,1000,16,16,42,42,10,500,0.0001,16,256,0.7312047888990492,0.6926465365104377,0.036748487036675215,0.048437834018841386,4.0,0.012109458504710346,698.564984220854,0.30062845605425537,0.24869341403245926,0.13840172300115228,0.0042918589897453785,0.000678,0.000245,0.0012095898855477571,0.0,0.015050556976348162,0.002226,0.012824556976348161,4.0,0.0037626392440870404,698.564984220854,1.0
True,1000,16,16,42,42,10,500,0.0001,16,5000,0.7312047888990492,0.6926465365104377,0.036748487036675215,0.048437834018841386,4.0,0.012109458504710346,698.564984220854,,,,,,,,,,,,,,,
