dimm_n_dpu,cpu_train_times,dpu_train_times
64,0.6926465365104377,0.14683429384604096
128,0.6926465365104377,0.168212846852839
256,0.6926465365104377,0.24869341403245926
