dimm_n_dpu,cpu_train_times,dpu_train_times
256,29.40594471991062,109.91498692205641
512,29.40594471991062,55.268752785166726
1024,29.40594471991062,27.748643989907578
2040,29.40594471991062,17.49099219008349
