dimm_n_dpu,cpu_train_times,dpu_train_times
256,29.975758552202024,109.92292087920941
512,29.975758552202024,55.277557037072256
1024,29.975758552202024,27.810027473024093
2040,29.975758552202024,17.4873137017712
