{
  "weak_scaling": {
    "1": {
      "data_n_points": 100000,
      "cpu_train_times": 0.9037625541677698,
      "dpu_train_times": 297.2873971790541
    },
    "2": {
      "data_n_points": 200000,
      "cpu_train_times": 0.7770244211424142,
      "dpu_train_times": 238.42031018109992
    },
    "4": {
      "data_n_points": 400000,
      "cpu_train_times": 1.1919514168985188,
      "dpu_train_times": 159.11585257889237
    },
    "8": {
      "data_n_points": 800000,
      "cpu_train_times": 1.6250586590031162,
      "dpu_train_times": 145.6739535810193
    },
    "16": {
      "data_n_points": 1600000,
      "cpu_train_times": 2.87219334510155,
      "dpu_train_times": 123.83602724317461
    },
    "32": {
      "data_n_points": 3200000,
      "cpu_train_times": 4.226717985817231,
      "dpu_train_times": 114.42817317997105
    },
    "64": {
      "data_n_points": 6400000,
      "cpu_train_times": 8.592722835834138,
      "dpu_train_times": 118.88918496109545
    }
  }
}
