dimm_n_dpu,data_n_points,cpu_train_times,dpu_train_times
1,100000,0.7646096546668559,297.3047763197683
2,200000,0.8518277888651937,238.41370540380012
4,400000,1.4079306109342724,159.09944290714338
8,800000,1.6725329699693248,145.65123971982393
16,1600000,2.8488646930782124,123.85712198005058
32,3200000,4.092724255169742,114.42597825813573
64,6400000,8.792199361138046,118.89639324101154
