dimm_n_dpu,data_n_points,cpu_train_times,dpu_train_times
1,100000,0.9037625541677698,297.2873971790541
2,200000,0.7770244211424142,238.42031018109992
4,400000,1.1919514168985188,159.11585257889237
8,800000,1.6250586590031162,145.6739535810193
16,1600000,2.87219334510155,123.83602724317461
32,3200000,4.226717985817231,114.42817317997105
64,6400000,8.592722835834138,118.88918496109545
