dimm_n_dpu,cpu_train_times,dpu_train_times
1,0.9642005057539791,361.10691946116276
2,0.9956045518629253,289.4638384229038
4,1.4401009767316282,193.2063151099719
8,1.9923755580093712,176.83617135998793
16,4.009862833190709,150.35019040876068
32,5.245527381775901,138.95489818346687
64,10.743531910004094,144.3730553931091
