inputs,inputs,inputs,inputs,inputs,inputs,inputs,inputs,results,results,results,results,results,results,results,results,results,results,results,results,results,results,results,results,results,results,results,results,results,results
data,data,train,train,train,train,train,dimm,cpu,cpu,cpu,cpu,cpu,cpu,cpu,dpu,dpu,dpu,dpu,dpu,dpu,dpu,dpu,dpu,dpu,dpu,dpu,dpu,dpu,dpu
synthetic,name,n_init,max_iter,tol,n_clusters,random_state,n_dpu,times,train_times,preprocessing_times,single_kmeans_times,iterations,times_one_iter,score,times,train_times,init_times,preprocessing_times,cpu_pim_times,pim_cpu_times,inertia_times,reallocate_times,single_kmeans_times,kernel_runtime,inter_pim_core_times,iterations,times_one_iter,score,cross_score
False,../../higgs/data/higgs,10,500,0.0001,2,42,2048,24.97829389400431,15.661876063008094,2.5322724859870505,1.1977067010011524,7.0,0.1711009572858789,1264972.4553193543,25.94205230899388,6.6146827670163475,1.2461056080064736,12.348740215005819,0.059963999999999996,0.000507,0.01717942301183939,0.0,0.5033863999997266,0.482338,0.021048399999726575,7.0,0.0719123428571038,1264973.9189529421,0.9999853412281581
False,../../higgs/data/higgs,10,500,0.0001,2,42,2396,24.97829389400431,15.661876063008094,2.5322724859870505,1.1977067010011524,7.0,0.1711009572858789,1264972.4553193543,23.995314083993435,5.727688045939431,1.3607058960187715,11.073280210985104,0.051327,0.000486,0.014766592008527368,0.0,0.43443817598745227,0.41285499999999997,0.021583175987452297,7.0,0.06206259656963604,1264973.9189529421,0.9999853412281581
