{
  "higgs": {
    "2040": {
      "cpu_train_times": 25.067076715175062,
      "dpu_train_times": 12.158931525074877,
      "speedup": 2.061618380157848
    },
    "best_speedup": 2.061618380157848
  }
}
