{
  "higgs": {
    "2040": {
      "cpu_train_times": 25.29236482817214,
      "dpu_train_times": 12.096355280140415
    }
  }
}
