{"2048":{"cpu_train_times":15.661876063,"dpu_train_times":6.614682767},"2396":{"cpu_train_times":15.661876063,"dpu_train_times":5.7276880459}}
