dimm_n_dpu,cpu_train_times,dpu_train_times
2040,25.067076715175062,12.158931525074877
