dimm_n_dpu,cpu_train_times,dpu_train_times
2040,25.29236482817214,12.096355280140415
