dimm_n_dpu,cpu_train_times,dpu_train_times
2048,15.661876063008094,6.6146827670163475
2396,15.661876063008094,5.727688045939431
