inputs,inputs,inputs,inputs,inputs,inputs,inputs,inputs,results,results,results,results,results,results,results,results,results,results,results,results,results,results,results,results,results,results,results,results,results,results
data,data,train,train,train,train,train,dimm,cpu,cpu,cpu,cpu,cpu,cpu,cpu,dpu,dpu,dpu,dpu,dpu,dpu,dpu,dpu,dpu,dpu,dpu,dpu,dpu,dpu,dpu
synthetic,name,n_init,max_iter,tol,n_clusters,random_state,n_dpu,times,train_times,preprocessing_times,single_kmeans_times,iterations,times_one_iter,score,times,train_times,init_times,preprocessing_times,cpu_pim_times,pim_cpu_times,inertia_times,reallocate_times,single_kmeans_times,kernel_runtime,inter_pim_core_times,iterations,times_one_iter,score,cross_score
False,higgs,10,500,0.0001,2,42,256,25.28910243799328,16.10130171099445,2.574078354984522,1.21848714601947,7.0,0.1740695922884957,1264972.4553193543,70.80925458398997,50.563339668966364,0.18224626098526642,13.08035009400919,0.076588,0.000185,0.12637667398666963,0.0,3.838174111995613,3.8309189999999997,0.007255111995613461,7.0,0.5483105874279447,1264973.9189529421,0.9999853412281581
False,higgs,10,500,0.0001,2,42,512,25.28910243799328,16.10130171099445,2.574078354984522,1.21848714601947,7.0,0.1740695922884957,1264972.4553193543,44.38527742199949,25.359894334018463,0.3509086459816899,11.96042726901942,0.075836,0.00018099999999999998,0.06359035399509594,0.0,1.9238333880202845,1.9163009999999998,0.007532388020284664,7.0,0.2748333411457549,1264973.9189529421,0.9999853412281581
False,higgs,10,500,0.0001,2,42,1024,25.28910243799328,16.10130171099445,2.574078354984522,1.21848714601947,7.0,0.1740695922884957,1264972.4553193543,30.932828015997075,12.782979013980366,0.8377970879955683,10.822476032015402,0.058270999999999996,0.000232,0.03216972199152224,0.0,0.9704347389924806,0.958239,0.01219573899248061,7.0,0.13863353414178295,1264973.9189529421,0.9999853412281581
False,higgs,10,500,0.0001,2,42,2048,25.28910243799328,16.10130171099445,2.574078354984522,1.21848714601947,7.0,0.1740695922884957,1264972.4553193543,,,,,,,,,,,,,,,
False,higgs,10,500,0.0001,2,42,2523,25.28910243799328,16.10130171099445,2.574078354984522,1.21848714601947,7.0,0.1740695922884957,1264972.4553193543,,,,,,,,,,,,,,,
