inputs,inputs,inputs,inputs,inputs,inputs,inputs,inputs,results,results,results,results,results,results,results,results,results,results,results,results,results,results,results,results,results,results,results,results,results,results
data,data,train,train,train,train,train,dimm,cpu,cpu,cpu,cpu,cpu,cpu,cpu,dpu,dpu,dpu,dpu,dpu,dpu,dpu,dpu,dpu,dpu,dpu,dpu,dpu,dpu,dpu
synthetic,name,n_init,max_iter,tol,n_clusters,random_state,n_dpu,times,train_times,preprocessing_times,single_kmeans_times,iterations,times_one_iter,score,times,train_times,init_times,preprocessing_times,cpu_pim_times,pim_cpu_times,inertia_times,reallocate_times,single_kmeans_times,kernel_runtime,inter_pim_core_times,iterations,times_one_iter,score,cross_score
False,higgs,10,500,0.0001,2,42,256,32.41043414408341,21.14850888075307,4.304706605151296,2.291703163878992,11.0,0.20833665126172657,1264973.9989071514,84.31556918891147,61.41760767903179,0.1595632799435407,15.573081427020952,0.087424,0.00019999999999999998,0.1534347201231867,0.0,4.663243394810706,4.654095,0.009148394810706506,7.0,0.6661776278301009,1264973.9189529421,0.9999849747597973
False,higgs,10,500,0.0001,2,42,512,32.41043414408341,21.14850888075307,4.304706605151296,2.291703163878992,11.0,0.20833665126172657,1264973.9989071514,53.395548925036564,30.82617104961537,0.3069903540890664,14.722944167908281,0.083179,0.000285,0.07730687502771616,0.0,2.3404088588431478,2.328336,0.012072858843147571,7.0,0.33434412269187824,1264973.9189529421,0.9999849747597973
False,higgs,10,500,0.0001,2,42,1024,32.41043414408341,21.14850888075307,4.304706605151296,2.291703163878992,11.0,0.20833665126172657,1264973.9989071514,,,,,,,,,,,,,,,
False,higgs,10,500,0.0001,2,42,2048,32.41043414408341,21.14850888075307,4.304706605151296,2.291703163878992,11.0,0.20833665126172657,1264973.9989071514,,,,,,,,,,,,,,,
False,higgs,10,500,0.0001,2,42,2523,32.41043414408341,21.14850888075307,4.304706605151296,2.291703163878992,11.0,0.20833665126172657,1264973.9989071514,,,,,,,,,,,,,,,
