inputs,inputs,inputs,inputs,inputs,inputs,inputs,inputs,results,results,results,results,results,results,results,results,results,results,results,results,results,results,results,results,results,results,results,results,results,results
data,data,train,train,train,train,train,dimm,cpu,cpu,cpu,cpu,cpu,cpu,cpu,dpu,dpu,dpu,dpu,dpu,dpu,dpu,dpu,dpu,dpu,dpu,dpu,dpu,dpu,dpu
synthetic,name,n_init,max_iter,tol,n_clusters,random_state,n_dpu,times,train_times,preprocessing_times,single_kmeans_times,iterations,times_one_iter,score,times,train_times,init_times,preprocessing_times,cpu_pim_times,pim_cpu_times,inertia_times,reallocate_times,single_kmeans_times,kernel_runtime,inter_pim_core_times,iterations,times_one_iter,score,cross_score
False,higgs,10,500,0.0001,2,42,256,33.791451621917076,25.208207231829874,2.641275792964734,1.3304100619861856,6.0,0.22173501033103094,1265053.7467862198,94.87562384398188,76.57687612308655,0.1960876709781587,12.045854024006985,0.14596699999999999,0.000195,0.12641511904075742,0.0,3.308913139044307,3.3016159999999997,0.00729713904430751,6.0,0.5514855231740512,1265056.9127252805,0.9999882729757911
False,higgs,10,500,0.0001,2,42,512,33.791451621917076,25.208207231829874,2.641275792964734,1.3304100619861856,6.0,0.22173501033103094,1265053.7467862198,55.95876446797047,38.49427307804581,0.3026827829889953,11.297961856005713,0.091251,0.00026199999999999997,0.06380035704933107,0.0,1.6644475450739264,1.653897,0.010550545073926498,6.0,0.27740792417898774,1265056.9127252805,0.9999882729757911
False,higgs,10,500,0.0001,2,42,1024,33.791451621917076,25.208207231829874,2.641275792964734,1.3304100619861856,6.0,0.22173501033103094,1265053.7467862198,35.699249277007766,19.416701179347,0.603047133074142,9.96569428301882,0.08702599999999999,0.000375,0.032376553979702294,0.0,0.8394775340566412,0.8257829999999999,0.013694534056641228,6.0,0.13991292234277353,1265056.9127252805,0.9999882729757911
