inputs,inputs,inputs,inputs,inputs,inputs,inputs,inputs,results,results,results,results,results,results,results,results,results,results,results,results,results,results,results,results,results,results,results,results,results,results
data,data,train,train,train,train,train,dimm,cpu,cpu,cpu,cpu,cpu,cpu,cpu,dpu,dpu,dpu,dpu,dpu,dpu,dpu,dpu,dpu,dpu,dpu,dpu,dpu,dpu,dpu
synthetic,name,n_init,max_iter,tol,n_clusters,random_state,n_dpu,times,train_times,preprocessing_times,single_kmeans_times,iterations,times_one_iter,score,times,train_times,init_times,preprocessing_times,cpu_pim_times,pim_cpu_times,inertia_times,reallocate_times,single_kmeans_times,kernel_runtime,inter_pim_core_times,iterations,times_one_iter,score,cross_score
False,higgs,10,500,0.0001,2,42,256,33.72149033599999,25.348444162867963,2.6201364879962057,1.451553498976864,6.0,0.24192558316281065,1265053.7467862198,96.61281003104523,76.54939162300434,0.24465350294485688,13.760234538000077,0.060046999999999996,0.00018099999999999998,0.12639600096736103,0.0,3.308731412049383,3.301622,0.007109412049382868,6.0,0.5514552353415638,1265056.9127252805,0.9999882729757911
False,higgs,10,500,0.0001,2,42,512,33.72149033599999,25.348444162867963,2.6201364879962057,1.451553498976864,6.0,0.24192558316281065,1265053.7467862198,57.61089076905046,38.42376325104851,0.33198545896448195,13.03143374202773,0.064813,0.000179,0.06364383595064282,0.0,1.6606888009700924,1.6537240000000002,0.006964800970092222,6.0,0.27678146682834875,1265056.9127252805,0.9999882729757911
False,higgs,10,500,0.0001,2,42,1024,33.72149033599999,25.348444162867963,2.6201364879962057,1.451553498976864,6.0,0.24192558316281065,1265053.7467862198,39.02736551605631,19.409158576163463,0.5964117440162227,13.215045675984584,0.080581,0.00037999999999999997,0.03238961601164192,0.0,0.8394485160242766,0.825806,0.013642516024276574,6.0,0.1399080860040461,1265056.9127252805,0.9999882729757911
