dimm_n_dpu,cpu_train_times,dpu_train_times
256,25.348444162867963,76.54939162300434
512,25.348444162867963,38.42376325104851
1024,25.348444162867963,19.409158576163463
