dimm_n_dpu,cpu_train_times,dpu_train_times
256,25.208207231829874,76.57687612308655
512,25.208207231829874,38.49427307804581
1024,25.208207231829874,19.416701179347
