dimm_n_dpu,cpu_train_times,dpu_train_times
256,21.14850888075307,61.41760767903179
512,21.14850888075307,30.82617104961537
