dimm_n_dpu,cpu_train_times,dpu_train_times
256,16.10130171099445,50.563339668966364
512,16.10130171099445,25.359894334018463
1024,16.10130171099445,12.782979013980366
