data_random_state,train_random_state,cpu_train_times,dpu_train_times
0,0,0.26386749593075365,1.3850556529359892
1,1,0.197045364882797,1.2288137109717354
2,2,0.23716530995443463,1.228038256871514
3,3,0.14365371281746775,1.40759982902091
4,4,0.12816414004191756,1.3378445089329034
5,5,0.14306998392567039,1.2101304087555036
6,6,0.15619729179888964,1.3515612912597135
7,7,0.12140324932988733,1.2082594737876207
8,8,0.16617169498931617,1.2885723111685365
9,9,0.13923638605047017,1.2732430001487955
