data_random_state,train_random_state,cpu_train_times,dpu_train_times
0,0,0.2630556689109653,1.3839216940104961
1,1,0.1583014610223472,1.2263468441087753
2,2,0.16456449101679027,1.2309002939146012
3,3,0.29801911232061684,1.4004392676288262
4,4,0.26263551809825003,1.3384718996239826
5,5,0.2371185178635642,1.2100631039356813
6,6,0.14331242605112493,1.3530042710481212
7,7,0.12930314987897873,1.2106328670633957
8,8,0.15754799300339073,1.2874479341553524
9,9,0.1320073752431199,1.2717527879867703
