{"0":{"train_random_state":0,"cpu_train_times":0.496290908,"dpu_train_times":1.6739887083},"1":{"train_random_state":1,"cpu_train_times":0.6389909319,"dpu_train_times":1.482932477}}
