data_random_state,train_random_state,cpu_train_times,dpu_train_times
0,0,0.49629090796224773,1.673988708294928
1,1,0.638990931911394,1.4829324770253152
