inputs,inputs,inputs,inputs,inputs,inputs,inputs,inputs,inputs,inputs,inputs,inputs,results,results,results,results,results,results,results,results,results,results,results,results,results,results,results,results,results,results,results,results,results,results
data,data,data,data,data,train,train,train,train,train,dimm,data,cpu,cpu,cpu,cpu,cpu,cpu,cpu,dpu,dpu,dpu,dpu,dpu,dpu,dpu,dpu,dpu,dpu,dpu,dpu,dpu,dpu,dpu
synthetic,n_points_per_dpu,n_dim,centers,random_state,random_state,n_init,max_iter,tol,n_clusters,n_dpu,n_points,times,train_times,preprocessing_times,single_kmeans_times,iterations,times_one_iter,score,times,train_times,init_times,preprocessing_times,cpu_pim_times,pim_cpu_times,inertia_times,reallocate_times,single_kmeans_times,kernel_runtime,inter_pim_core_times,iterations,times_one_iter,score,cross_score
True,1000.0,16,16,0,0,10,500,0.0001,16,1,1000,0.5362772920634598,0.49629090796224773,0.038495481945574284,0.16193478484638035,7.0,0.02313354069234005,514.5393679452733,1.6991397652309388,1.673988708294928,0.06249097106046975,0.004506313009187579,0.00043799999999999997,7.4e-05,0.01805015397258103,0.0,0.1521746211219579,0.14584599999999998,0.0063286211219579225,7.0,0.02173923158885113,514.5393679452733,1.0
True,1000.0,16,16,1,1,10,500,0.0001,16,1,1000,0.641915470128879,0.638990931911394,0.0017887570429593325,0.07594313286244869,4.0,0.018985783215612173,699.503958735296,1.5517067410983145,1.4829324770253152,0.05725192092359066,0.003633574116975069,0.000335,5.6999999999999996e-05,0.01801997609436512,0.0,0.09547668811865151,0.090741,0.004735688118651507,4.0,0.023869172029662877,699.4885137039748,0.9990127511972762
