inputs,inputs,inputs,inputs,inputs,inputs,inputs,inputs,inputs,inputs,inputs,results,results,results,results,results,results,results,results,results,results,results,results,results,results,results,results,results,results,results,results,results,results
data,data,data,data,data,train,train,train,train,train,dimm,cpu,cpu,cpu,cpu,cpu,cpu,cpu,dpu,dpu,dpu,dpu,dpu,dpu,dpu,dpu,dpu,dpu,dpu,dpu,dpu,dpu,dpu
synthetic,n_points,n_dim,centers,random_state,random_state,n_init,max_iter,tol,n_clusters,n_dpu,times,train_times,preprocessing_times,single_kmeans_times,iterations,times_one_iter,score,times,train_times,init_times,preprocessing_times,cpu_pim_times,pim_cpu_times,inertia_times,reallocate_times,single_kmeans_times,kernel_runtime,inter_pim_core_times,iterations,times_one_iter,score,cross_score
True,25600000,16,16,42,42,10,500,0.0001,16,2040,52.516242849989794,29.505862629855983,6.353250345098786,2.7436421749880537,6.0,0.4572736958313423,17681671.0073346,60.105462788953446,17.50174920016434,1.1885259610135108,24.99967152904719,0.069229,0.000744,0.22011410305276513,0.0,1.6321598989889026,1.5720200000000002,0.060139898988902374,6.0,0.2720266498314838,17681671.074062817,0.9998900002327784
True,25600000,8,16,42,42,10,500,0.0001,16,2040,65.08890767209232,35.79815974121448,13.353352569043636,3.973391098086722,9.0,0.4414878997874136,19929818.579534102,44.32185129902791,11.91398476215545,1.199715223046951,15.88734562904574,0.029061999999999998,0.000645,0.12302180600818247,0.0,1.3103904550662264,1.25956,0.05083045506622641,9.0,0.14559893945180294,19929819.38055619,0.9999039750493658
True,25600000,4,16,42,42,10,500,0.0001,16,2040,61.850005011074245,37.50109710462857,8.09213051002007,3.1111868519801646,7.0,0.44445526456859497,35989474.094186515,35.509530675946735,8.171228272956796,1.348763634916395,10.814519181032665,0.018182,0.000634,0.07728403899818659,0.0,0.6605935679981485,0.633415,0.02717856799814855,7.0,0.09437050971402121,35989472.33277264,0.999967697541768
True,25600000,2,16,42,42,10,500,0.0001,16,2040,128.1845401659375,106.61437327892054,5.3514415780082345,5.621310103917494,14.0,0.401522150279821,61211584.062475204,38.37027372792363,15.432349918060936,1.1799328610068187,6.77777126908768,0.010072,0.000663,0.05024163599591702,0.0,0.8660748399561271,0.8257469999999998,0.04032783995612732,15.0,0.057738322663741806,61219879.04695769,0.9958496718183575
