inputs,inputs,inputs,inputs,inputs,inputs,inputs,inputs,inputs,inputs,inputs,results,results,results,results,results,results,results,results,results,results,results,results,results,results,results,results,results,results,results,results,results,results
data,data,data,data,data,train,train,train,train,train,dimm,cpu,cpu,cpu,cpu,cpu,cpu,cpu,dpu,dpu,dpu,dpu,dpu,dpu,dpu,dpu,dpu,dpu,dpu,dpu,dpu,dpu,dpu
synthetic,n_points,n_dim,centers,random_state,random_state,n_init,max_iter,tol,n_clusters,n_dpu,times,train_times,preprocessing_times,single_kmeans_times,iterations,times_one_iter,score,times,train_times,init_times,preprocessing_times,cpu_pim_times,pim_cpu_times,inertia_times,reallocate_times,single_kmeans_times,kernel_runtime,inter_pim_core_times,iterations,times_one_iter,score,cross_score
True,409600,16,16,42,42,10,500,0.0001,16,512,3.741996859200299,3.4250861038453877,0.11459110863506794,0.32820038218051195,4.0,0.08205009554512799,392582.3288265633,2.472669999115169,1.7431883504614234,0.3870139089412987,0.40980913676321507,0.003558,0.00029,0.014833010267466307,0.0,0.08730803802609444,0.07255699999999998,0.014751038026094454,4.0,0.02182700950652361,392582.33064837556,0.9999545115246653
True,409600,8,16,42,42,10,500,0.0001,16,512,2.3161703990772367,1.8980949483811855,0.22285726107656956,0.057930140756070614,6.0,0.009655023459345102,488746.8511734784,1.8026900831609964,1.2474908884614706,0.28831650596112013,0.2780904332175851,0.002538,0.000188,0.01055681612342596,0.0,0.08433392783626914,0.07307,0.011263927836269144,6.0,0.01405565463937819,488746.8778125274,0.9999569044202414
True,409600,4,16,42,42,10,500,0.0001,16,512,1.5694671319797635,1.2138504600152373,0.16939531499519944,0.09510493092238903,9.0,0.010567214546932114,616548.8638995838,1.334220967721194,0.7773810136131942,0.28454421926289797,0.1997089278884232,0.001411,0.000277,0.007205118425190449,0.0,0.08268146403133869,0.06939899999999999,0.013282464031338703,9.0,0.00918682933681541,616548.9817482874,0.9999489343324894
True,409600,2,16,42,42,10,500,0.0001,16,512,4.63649570196867,4.3204156113788486,0.10801103198900819,0.11119606764987111,12.0,0.009266338970822593,1008041.1980131972,1.8357338071800768,1.5083734947256744,0.2831487092189491,0.11392527911812067,0.0009729999999999999,0.00027,0.005007704719901085,0.0,0.07688142824918032,0.061673000000000006,0.015208428249180311,12.0,0.006406785687431693,1008046.0598498856,0.9995935322364877
