inputs,inputs,inputs,inputs,inputs,inputs,inputs,inputs,inputs,inputs,inputs,results,results,results,results,results,results,results,results,results,results,results,results,results,results,results,results,results,results,results,results,results,results
data,data,data,data,data,train,train,train,train,train,dimm,cpu,cpu,cpu,cpu,cpu,cpu,cpu,dpu,dpu,dpu,dpu,dpu,dpu,dpu,dpu,dpu,dpu,dpu,dpu,dpu,dpu,dpu
synthetic,n_points,n_dim,centers,random_state,random_state,n_init,max_iter,tol,n_clusters,n_dpu,times,train_times,preprocessing_times,single_kmeans_times,iterations,times_one_iter,score,times,train_times,init_times,preprocessing_times,cpu_pim_times,pim_cpu_times,inertia_times,reallocate_times,single_kmeans_times,kernel_runtime,inter_pim_core_times,iterations,times_one_iter,score,cross_score
True,25600000,16,16,42,42,10,500,0.0001,16,2040,51.98009316099342,29.384478177991696,6.396856684004888,2.7070239819586277,6.0,0.45117066365977126,17681671.0073346,59.54757240100298,17.486819597892463,1.2660819119773805,24.996566226007417,0.052783,0.000658,0.21935693500563502,0.0,1.629963901010342,1.5720329999999998,0.05793090101034215,6.0,0.2716606501683903,17681671.074062817,0.9998900002327784
True,25600000,8,16,42,42,10,500,0.0001,16,2040,64.06404815404676,35.21912284102291,13.346991708036512,3.8543320189928636,9.0,0.4282591132214293,19929818.579534102,45.73784895602148,11.932741621043533,1.2965845320140943,18.067773108021356,0.031582,0.000642,0.12280496198218316,0.0,1.3118335379986092,1.2596310000000002,0.05220253799860908,9.0,0.14575928199984547,19929819.38055619,0.9999039750493658
True,25600000,4,16,42,42,10,500,0.0001,16,2040,61.671188206993975,37.60792207287159,8.129251425969414,3.0320592100033537,7.0,0.4331513157147648,35989474.094186515,33.61062316596508,8.20327995007392,1.2988310689106584,9.943761284928769,0.027691999999999998,0.000637,0.07722952705807984,0.0,0.661690189037472,0.633432,0.028258189037472015,7.0,0.094527169862496,35989472.33277264,0.999967697541768
True,25600000,2,16,42,42,10,500,0.0001,16,2040,127.09017785196193,106.48304395878222,5.29564649797976,5.630834603914991,14.0,0.40220247170821366,61211584.062475204,37.974004312069155,15.482087150914595,1.3827388229547068,6.756903578992933,0.011403,0.000647,0.05019181000534445,0.0,0.8672072789631784,0.825677,0.0415302789631784,15.0,0.057813818597545225,61219879.04695769,0.9958496718183575
