inputs,inputs,inputs,inputs,inputs,inputs,inputs,inputs,inputs,inputs,inputs,results,results,results,results,results,results,results,results,results,results,results,results,results,results,results,results,results,results,results,results,results,results
data,data,data,data,data,train,train,train,train,train,dimm,cpu,cpu,cpu,cpu,cpu,cpu,cpu,dpu,dpu,dpu,dpu,dpu,dpu,dpu,dpu,dpu,dpu,dpu,dpu,dpu,dpu,dpu
synthetic,n_points,n_dim,centers,random_state,random_state,n_init,max_iter,tol,n_clusters,n_dpu,times,train_times,preprocessing_times,single_kmeans_times,iterations,times_one_iter,score,times,train_times,init_times,preprocessing_times,cpu_pim_times,pim_cpu_times,inertia_times,reallocate_times,single_kmeans_times,kernel_runtime,inter_pim_core_times,iterations,times_one_iter,score,cross_score
True,4096000,16,16,42,42,10,500,0.0001,16,512,10.063289623241872,6.7269071522168815,1.1415910571813583,1.473390209954232,8.0,0.184173776244279,1771519.0271145096,19.517612376715988,13.330109540373087,0.3292456101626158,3.7983685210347176,0.023353,0.000277,0.14097440894693136,0.0,2.9934567669406533,1.301502,1.6919547669406534,8.0,0.37418209586758167,1771519.041611762,0.9997689764281105
True,4096000,8,16,42,42,10,500,0.0001,16,512,11.409018322825432,6.847838209476322,2.3321570307016373,0.7702140831388533,6.0,0.12836901385647556,4634566.942654034,11.692809311207384,6.2474927846342325,0.28282829793170094,3.1031593987718225,0.019253,0.000296,0.07791656721383333,0.0,0.5744689758867025,0.559824,0.01464497588670255,6.0,0.09574482931445043,4634566.732164377,0.9999566633507971
True,4096000,4,16,42,42,10,500,0.0001,16,512,14.195896650198847,10.600736326072365,1.402765256818384,0.5629509058780968,7.0,0.08042155798258525,6807182.771141714,10.740542011801153,6.764995313249528,0.3071763110347092,1.7492101518437266,0.008758,0.00027,0.04891315894201398,0.0,0.4148420551791787,0.403314,0.011528055179178709,7.0,0.059263150739882677,6807182.59106326,0.9999568943237975
True,4096000,2,16,42,42,10,500,0.0001,16,512,23.517244728747755,20.333144079428166,0.9441894991323352,1.3723651301115751,15.0,0.091491008674105,9768312.287136987,13.442662187851965,10.02603412186727,0.3880586726590991,1.176589937414974,0.004529,0.00029,0.03557050786912441,0.0,0.6074314997531474,0.588931,0.01850049975314738,15.0,0.04049543331687649,9768318.615312193,0.9997353486021199
