{"16":{"cpu_train_times":6.8882875859,"dpu_train_times":13.2411063958},"4":{"cpu_train_times":10.6679810558,"dpu_train_times":6.728135112}}
