inputs,inputs,inputs,inputs,inputs,inputs,inputs,inputs,inputs,inputs,inputs,results,results,results,results,results,results,results,results,results,results,results,results,results,results,results,results,results,results,results,results,results,results
data,data,data,data,data,train,train,train,train,train,dimm,cpu,cpu,cpu,cpu,cpu,cpu,cpu,dpu,dpu,dpu,dpu,dpu,dpu,dpu,dpu,dpu,dpu,dpu,dpu,dpu,dpu,dpu
synthetic,n_points,n_dim,centers,random_state,random_state,n_init,max_iter,tol,n_clusters,n_dpu,times,train_times,preprocessing_times,single_kmeans_times,iterations,times_one_iter,score,times,train_times,init_times,preprocessing_times,cpu_pim_times,pim_cpu_times,inertia_times,reallocate_times,single_kmeans_times,kernel_runtime,inter_pim_core_times,iterations,times_one_iter,score,cross_score
True,4096000,16,16,42,42,10,500,0.0001,16,512,10.298259983072057,6.8882875859271735,1.1512061059474945,1.5095944590866566,8.0,0.18869930738583207,1771519.0271145096,19.952481013024226,13.241106395842507,0.27907336317002773,4.318135055014864,0.019162,0.000254,0.14087718701921403,0.0,2.904314445098862,1.3022770000000001,1.602037445098862,8.0,0.36303930563735776,1771519.041611762,0.9997689764281105
True,4096000,4,16,42,42,10,500,0.0001,16,512,14.257480470929295,10.667981055798009,1.4561776090413332,0.5823362797964364,7.0,0.08319089711377663,6807182.771141714,10.761423567077145,6.728135111974552,0.2999857240356505,1.9037294529844075,0.007866999999999999,0.000216,0.04881029902026057,0.0,0.41304565500468016,0.402763,0.010282655004680175,7.0,0.05900652214352574,6807182.59106326,0.9999568943237975
