data_n_dim,cpu_train_times,dpu_train_times
16,6.8882875859271735,13.241106395842507
4,10.667981055798009,6.728135111974552
