{
  "dimension": {
    "16": {
      "cpu_train_times": 29.505862629855983,
      "dpu_train_times": 17.50174920016434,
      "speedup": 1.6858807821094206
    },
    "8": {
      "cpu_train_times": 35.79815974121448,
      "dpu_train_times": 11.91398476215545,
      "speedup": 3.004717603377055
    },
    "4": {
      "cpu_train_times": 37.50109710462857,
      "dpu_train_times": 8.171228272956796,
      "speedup": 4.589407596008651
    },
    "2": {
      "cpu_train_times": 106.61437327892054,
      "dpu_train_times": 15.432349918060936,
      "speedup": 6.908498954792788
    },
    "best_speedup": 6.908498954792788
  }
}
