{
  "dimension": {
    "16": {
      "cpu_train_times": 3.4250861038453877,
      "dpu_train_times": 1.7431883504614234
    },
    "8": {
      "cpu_train_times": 1.8980949483811855,
      "dpu_train_times": 1.2474908884614706
    },
    "4": {
      "cpu_train_times": 1.2138504600152373,
      "dpu_train_times": 0.7773810136131942
    },
    "2": {
      "cpu_train_times": 4.3204156113788486,
      "dpu_train_times": 1.5083734947256744
    }
  }
}
