data_n_dim,cpu_train_times,dpu_train_times
16,29.505862629855983,17.50174920016434
8,35.79815974121448,11.91398476215545
4,37.50109710462857,8.171228272956796
2,106.61437327892054,15.432349918060936
