data_n_dim,cpu_train_times,dpu_train_times
16,3.4250861038453877,1.7431883504614234
8,1.8980949483811855,1.2474908884614706
4,1.2138504600152373,0.7773810136131942
2,4.3204156113788486,1.5083734947256744
