data_n_dim,cpu_train_times,dpu_train_times
16,6.7269071522168815,13.330109540373087
8,6.847838209476322,6.2474927846342325
4,10.600736326072365,6.764995313249528
2,20.333144079428166,10.02603412186727
