data_n_dim,cpu_train_times,dpu_train_times
16,29.384478177991696,17.486819597892463
8,35.21912284102291,11.932741621043533
4,37.60792207287159,8.20327995007392
2,106.48304395878222,15.482087150914595
